[
    {
      "target": "B00CBERKDS",
      "candidate": "B00ANVR0LI",
      "captions": [
        "has cap sleeves and more solid colors",
        "is solid red and black with cap sleeves"
      ]
    },
    {
      "target": "B003YRCY28",
      "candidate": "B003TIULIG",
      "captions": [
        "lighter and shinier",
        "is shiney"
      ]
    },
    {
      "target": "B004AZAK24",
      "candidate": "B004EU7P9Q",
      "captions": [
        "is more pink",
        "is pink and no ripples"
      ]
    }
  ]