  [
    {
      "target": "B0089G1SEY",
      "candidate": "B008LXSKBO",
      "captions": [
        "is dark colored full lace dress with mid sleeves",
        "has more lace"
      ]
    },
    {
      "target": "B008PJHTKC",
      "candidate": "B008UA8OF0",
      "captions": [
        "has a lighter color and no sleeves",
        "has no sleeves"
      ]
    },
    {
      "target": "B000RRG5YG",
      "candidate": "B001LMRYXW",
      "captions": [
        "is a darker pink",
        "more pink"
      ]
    },
    {
      "target": "B005MYKO8C",
      "candidate": "B0097QXNYS",
      "captions": [
        "is white with purple print",
        "has repeated pattern and gray background"
      ]
    },
    {
      "target": "B00AZ05PIW",
      "candidate": "B00CDWJWMU",
      "captions": [
        "has no strips",
        "Solid black short sleeved shirt"
      ]
    },
    {
      "target": "B00880ZRUW",
      "candidate": "B0088A8HHC",
      "captions": [
        "Is blue striped",
        "is blue with white stripes"
      ]
    },
    {
      "target": "B002Q3RBOW",
      "candidate": "B002SC53NW",
      "captions": [
        "has a lighter color and a different print",
        "is tighter"
      ]
    },
    {
      "target": "B00BP1PUOE",
      "candidate": "B005NZ6HUY",
      "captions": [
        "is a blue t shirt with white pants",
        "is blue and has short sleeves"
      ]
    },
    {
      "target": "B0086ZNW92",
      "candidate": "B002DBJ8H0",
      "captions": [
        "is light blue",
        "is solid colored"
      ]
    },
    {
      "target": "B008N67V8W",
      "candidate": "B0053DV6AW",
      "captions": [
        "a light blue long sleeve tee shirt",
        "is lighter and has longer sleeves"
      ]
    },
    {
      "target": "B00C6011RI",
      "candidate": "B00B2IRBJ2",
      "captions": [
        "is yellow in color",
        "is lighter"
      ]
    },
    {
      "target": "B001AXW9W8",
      "candidate": "B008SB92G6",
      "captions": [
        "Is green with no sleeves",
        "Desired item is a moss green tank top"
      ]
    },
    {
      "target": "B00A7HBMEO",
      "candidate": "B0092SC112",
      "captions": [
        "has one shoulder and is darker in color",
        "has a one-shoulder strap and is smoother"
      ]
    },
    {
      "target": "B003AM8B8S",
      "candidate": "B00EZSOR2U",
      "captions": [
        "is short and a lighter blue",
        "is shorter in size with no arms."
      ]
    },
    {
      "target": "B009398IIA",
      "candidate": "B0054QZ5QE",
      "captions": [
        "is darker",
        "is a black shirt"
      ]
    },
    {
      "target": "B00DDZCNIG",
      "candidate": "B008KZH6SQ",
      "captions": [
        "Has buttons and is less elegant",
        "Has longer sleeves and is coral toned"
      ]
    },
    {
      "target": "B00B62A9F2",
      "candidate": "B00DZYKQK2",
      "captions": [
        "body con short black dress",
        "is shorter and fitted"
      ]
    },
    {
      "target": "B00FZXHVUE",
      "candidate": "B00FQAN0R4",
      "captions": [
        "is shorter with long sleeves",
        "is more sexy"
      ]
    },
    {
      "target": "B007Q3A0J0",
      "candidate": "B007PU81HM",
      "captions": [
        "is two toned",
        "Is black without a collar."
      ]
    },
    {
      "target": "B00FXJ5ODG",
      "candidate": "B0096DYU6M",
      "captions": [
        "Has a different graphic",
        "has less busy looking graphics"
      ]
    },
    {
      "target": "B0070VYFSA",
      "candidate": "B0079G1FIE",
      "captions": [
        "has longer sleeves and more colours",
        "has longer sleeves with a red flower graphic"
      ]
    },
    {
      "target": "B003IT740Y",
      "candidate": "B005NK3GCG",
      "captions": [
        "is a striped shirt with short sleeves",
        "it has a short sleeve and has no collar"
      ]
    },
    {
      "target": "B00376KBXU",
      "candidate": "B000YVKMC6",
      "captions": [
        "is black",
        "is darker in color"
      ]
    },
    {
      "target": "B0027CTRNK",
      "candidate": "B007GSGKOO",
      "captions": [
        "is a blue and black dress and is less tighter",
        "is more frilly"
      ]
    },
    {
      "target": "B00BPIC68U",
      "candidate": "B00B7679IM",
      "captions": [
        "is more wordy and outdoorsy",
        "is grey with an eagle."
      ]
    },
    {
      "target": "B00BFE5NAC",
      "candidate": "B008VHGMTW",
      "captions": [
        "is shorter sleeved with a different pattern",
        "is sheerer and has short sleeves"
      ]
    },
    {
      "target": "B004LX0F0W",
      "candidate": "B008B411W8",
      "captions": [
        "is of a slightly different color",
        "is shorter and lighter colored"
      ]
    },
    {
      "target": "B00DNZR9H6",
      "candidate": "B0058YVMH8",
      "captions": [
        "is blue with short sleeves",
        "has shorter sleeves and is brighter blue"
      ]
    },
    {
      "target": "B001WSTFDC",
      "candidate": "B001U3U7OK",
      "captions": [
        "is not as formal",
        "is red and doesn't have a collar"
      ]
    },
    {
      "target": "B006BZCR5E",
      "candidate": "B003S0QWGK",
      "captions": [
        "The shirt is black in color with white writing.",
        "is darker"
      ]
    },
    {
      "target": "B0092UHD2C",
      "candidate": "B006TG6BB6",
      "captions": [
        "is more colorful and less artistic",
        "is pink with black lettering"
      ]
    },
    {
      "target": "B00CA65MBE",
      "candidate": "B008MTYHNC",
      "captions": [
        "Is more whimsical and brighter",
        "has a St. Louis Cardinal print all over"
      ]
    },
    {
      "target": "B009T3RTCG",
      "candidate": "B00DOX30ES",
      "captions": [
        "has multi sleeves and an image design",
        "has striped sleeves"
      ]
    },
    {
      "target": "B008XOE0AG",
      "candidate": "B00BWU7NMU",
      "captions": [
        "is blu with one shoulder strap",
        "is off one shoulder and blue"
      ]
    },
    {
      "target": "B009PPCOFU",
      "candidate": "B005GW1R5E",
      "captions": [
        "is more colorful",
        " more fitted tee"
      ]
    },
    {
      "target": "B006PA7KMA",
      "candidate": "B008OW2YQ4",
      "captions": [
        "short sleeved and belted",
        "is two parts"
      ]
    },
    {
      "target": "B00C6601YG",
      "candidate": "B007N0BY8W",
      "captions": [
        "Is more fitted and more floral.",
        "is floral and longer in length."
      ]
    },
    {
      "target": "B000WNB5VI",
      "candidate": "B00GHQTG2Y",
      "captions": [
        "is a short sleeve shirt with drawn art",
        "is black and fitted"
      ]
    },
    {
      "target": "B00EJMLN9C",
      "candidate": "B00BPBNIWA",
      "captions": [
        "has longer sleeves and is a darker color",
        "has long sleeves and is navy"
      ]
    },
    {
      "target": "B00674Y6YE",
      "candidate": "B004NRR9TQ",
      "captions": [
        "The shirt is orange in color.",
        "is orange with a black and white cicular design in the middle"
      ]
    },
    {
      "target": "B00EZVLM98",
      "candidate": "B0074MEMEC",
      "captions": [
        "is pumpkin yellow in color",
        "is orange with black motif"
      ]
    },
    {
      "target": "B00AFZ38RM",
      "candidate": "B00BOHU9ZE",
      "captions": [
        "is green with a centered image",
        "has a smaller logo"
      ]
    },
    {
      "target": "B002LC4MGS",
      "candidate": "B008RSRZ9G",
      "captions": [
        "is lighter in color",
        "is more shiny and has shorter sleeves"
      ]
    },
    {
      "target": "B008JESLQY",
      "candidate": "B008STEA0Q",
      "captions": [
        " white and purple colors.",
        "is red"
      ]
    },
    {
      "target": "B0087QIC1I",
      "candidate": "B00B359C46",
      "captions": [
        "is less revealing has less graphics",
        "has short sleeves"
      ]
    },
    {
      "target": "B006ZTCY54",
      "candidate": "B007IR1SFE",
      "captions": [
        "is black with one sleeve",
        "is black and cinched"
      ]
    },
    {
      "target": "B00CX6D96G",
      "candidate": "B008VQDHI2",
      "captions": [
        "Is less monochromatic",
        " a collar and is white and blue"
      ]
    },
    {
      "target": "B00AQFAIE2",
      "candidate": "B00AQF9SEI",
      "captions": [
        "The shirt is light blue with gray writing",
        "Is gray with a different logo year"
      ]
    },
    {
      "target": "B00CE8UBA0",
      "candidate": "B00CGYP4GI",
      "captions": [
        "is longer below knee and a solid color purple",
        "is purple"
      ]
    },
    {
      "target": "B0075CJZ0W",
      "candidate": "B0064XXI42",
      "captions": [
        "The shirt has short sleeves and is melon in color.",
        "has short sleeves on it"
      ]
    }
  ]