{"1": {"1": {"user_currentTime": "2023-05-30 19:58:12", "description": "\u6709\u5e3d\u8896\u548c\u66f4\u7eaf\u8272", "image_url": "https://fashion-iq.oss-cn-beijing.aliyuncs.com/B00ANVR0LI.jpg", "c5500_url": "https://fashion-iq.oss-cn-beijing.aliyuncs.com/B00CBERKDS.jpg", "c5669_url": "https://fashion-iq.oss-cn-beijing.aliyuncs.com/B008A4N49C.jpg", "activeImage": "https://fashion-iq.oss-cn-beijing.aliyuncs.com/B008A4N49C.jpg"}, "2": {"user_currentTime": "2023-05-30 19:58:13", "description": "\u66f4\u8f7b\u66f4\u95ea\u4eae", "image_url": "https://fashion-iq.oss-cn-beijing.aliyuncs.com/B003TIULIG.jpg", "c5500_url": "https://fashion-iq.oss-cn-beijing.aliyuncs.com/B003YRCY28.jpg", "c5669_url": "https://fashion-iq.oss-cn-beijing.aliyuncs.com/B004H3OZNY.jpg", "activeImage": "https://fashion-iq.oss-cn-beijing.aliyuncs.com/B003YRCY28.jpg"}, "3": {"user_currentTime": "2023-05-30 19:58:15", "description": "\u5448\u7c89\u7ea2\u8272\uff0c\u6ca1\u6709\u6ce2\u7eb9", "image_url": "https://fashion-iq.oss-cn-beijing.aliyuncs.com/B004EU7P9Q.jpg", "c5500_url": "https://fashion-iq.oss-cn-beijing.aliyuncs.com/B004AZAK24.jpg", "c5669_url": "https://fashion-iq.oss-cn-beijing.aliyuncs.com/B004AZAK24.jpg", "activeImage": "https://fashion-iq.oss-cn-beijing.aliyuncs.com/B004AZAK24.jpg"}}, "2": {"1": {"user_currentTime": "2023-05-30 19:59:16", "description": "\u662f\u7eaf\u7ea2\u8272\u548c\u9ed1\u8272\uff0c\u6709\u5e3d\u5b50\u8896\u5b50", "image_url": "https://fashion-iq.oss-cn-beijing.aliyuncs.com/B00ANVR0LI.jpg", "c5500_url": "https://fashion-iq.oss-cn-beijing.aliyuncs.com/B00BMTMZTC.jpg", "c5669_url": "https://fashion-iq.oss-cn-beijing.aliyuncs.com/B00CBERKDS.jpg", "activeImage": "https://fashion-iq.oss-cn-beijing.aliyuncs.com/B00BMTMZTC.jpg"}, "2": {"user_currentTime": "2023-05-30 19:59:17", "description": "\u66f4\u8f7b\u66f4\u95ea\u4eae", "image_url": "https://fashion-iq.oss-cn-beijing.aliyuncs.com/B003TIULIG.jpg", "c5500_url": "https://fashion-iq.oss-cn-beijing.aliyuncs.com/B004H3OZNY.jpg", "c5669_url": "https://fashion-iq.oss-cn-beijing.aliyuncs.com/B003YRCY28.jpg", "activeImage": "https://fashion-iq.oss-cn-beijing.aliyuncs.com/B003YRCY28.jpg"}, "3": {"user_currentTime": "2023-05-30 19:59:20", "description": "\u662f\u66f4\u7c89\u8272\u7684", "image_url": "https://fashion-iq.oss-cn-beijing.aliyuncs.com/B004EU7P9Q.jpg", "c5500_url": "https://fashion-iq.oss-cn-beijing.aliyuncs.com/B004AZAK24.jpg", "c5669_url": "https://fashion-iq.oss-cn-beijing.aliyuncs.com/B004AZAK24.jpg", "activeImage": "https://fashion-iq.oss-cn-beijing.aliyuncs.com/B004AZAK24.jpg"}}, "3": {"3": {"user_currentTime": "2023-05-30 19:59:20", "description": "\u662f\u66f4\u7c89\u8272\u7684", "image_url": "https://fashion-iq.oss-cn-beijing.aliyuncs.com/B004EU7P9Q.jpg", "c5500_url": "https://fashion-iq.oss-cn-beijing.aliyuncs.com/B004AZAK24.jpg", "c5669_url": "https://fashion-iq.oss-cn-beijing.aliyuncs.com/B004AZAK24.jpg", "activeImage": "https://fashion-iq.oss-cn-beijing.aliyuncs.com/B004AZAK24.jpg"}}, "4": {"1": {"user_currentTime": "2023-05-30 19:59:23", "description": "\u662f\u7eaf\u7ea2\u8272\u548c\u9ed1\u8272\uff0c\u6709\u5e3d\u5b50\u8896\u5b50", "image_url": "https://fashion-iq.oss-cn-beijing.aliyuncs.com/B00ANVR0LI.jpg", "c5500_url": "https://fashion-iq.oss-cn-beijing.aliyuncs.com/B00BMTMZTC.jpg", "c5669_url": "https://fashion-iq.oss-cn-beijing.aliyuncs.com/B00CBERKDS.jpg", "activeImage": "https://fashion-iq.oss-cn-beijing.aliyuncs.com/B00CBERKDS.jpg"}, "2": {"user_currentTime": "2023-05-30 19:59:24", "description": "\u662f\u95ea\u95ea\u53d1\u5149\u7684", "image_url": "https://fashion-iq.oss-cn-beijing.aliyuncs.com/B003TIULIG.jpg", "c5500_url": "https://fashion-iq.oss-cn-beijing.aliyuncs.com/B003YRCY28.jpg", "c5669_url": "https://fashion-iq.oss-cn-beijing.aliyuncs.com/B004H3OZNY.jpg", "activeImage": "https://fashion-iq.oss-cn-beijing.aliyuncs.com/B003YRCY28.jpg"}, "3": {"user_currentTime": "2023-05-30 19:59:26", "description": "\u662f\u66f4\u7c89\u8272\u7684", "image_url": "https://fashion-iq.oss-cn-beijing.aliyuncs.com/B004EU7P9Q.jpg", "c5500_url": "https://fashion-iq.oss-cn-beijing.aliyuncs.com/B004AZAK24.jpg", "c5669_url": "https://fashion-iq.oss-cn-beijing.aliyuncs.com/B004AZAK24.jpg", "activeImage": "https://fashion-iq.oss-cn-beijing.aliyuncs.com/B004AZAK24.jpg"}}, "5": {"1": {"user_currentTime": "2023-05-31 09:06:29", "description": "\u6709\u5e3d\u8896\u548c\u66f4\u7eaf\u8272", "image_url": "https://fashion-iq.oss-cn-beijing.aliyuncs.com/B00ANVR0LI.jpg", "c5500_url": "https://fashion-iq.oss-cn-beijing.aliyuncs.com/B008A4N49C.jpg", "c5669_url": "https://fashion-iq.oss-cn-beijing.aliyuncs.com/B00CBERKDS.jpg", "activeImage": "https://fashion-iq.oss-cn-beijing.aliyuncs.com/B008A4N49C.jpg"}, "2": {"user_currentTime": "2023-05-31 09:06:31", "description": "\u66f4\u8f7b\u66f4\u95ea\u4eae", "image_url": "https://fashion-iq.oss-cn-beijing.aliyuncs.com/B003TIULIG.jpg", "c5500_url": "https://fashion-iq.oss-cn-beijing.aliyuncs.com/B004H3OZNY.jpg", "c5669_url": "https://fashion-iq.oss-cn-beijing.aliyuncs.com/B003YRCY28.jpg", "activeImage": "https://fashion-iq.oss-cn-beijing.aliyuncs.com/B003YRCY28.jpg"}, "3": {"user_currentTime": "2023-05-31 09:06:33", "description": "\u5448\u7c89\u7ea2\u8272\uff0c\u6ca1\u6709\u6ce2\u7eb9", "image_url": "https://fashion-iq.oss-cn-beijing.aliyuncs.com/B004EU7P9Q.jpg", "c5500_url": "https://fashion-iq.oss-cn-beijing.aliyuncs.com/B004AZAK24.jpg", "c5669_url": "https://fashion-iq.oss-cn-beijing.aliyuncs.com/B004AZAK24.jpg", "activeImage": "https://fashion-iq.oss-cn-beijing.aliyuncs.com/B004AZAK24.jpg"}}, "6": {"1": {"user_currentTime": "2023-05-31 09:10:35", "description": "\u6709\u5e3d\u8896\u548c\u66f4\u7eaf\u8272", "image_url": "https://fashion-iq.oss-cn-beijing.aliyuncs.com/B00ANVR0LI.jpg", "c5500_url": "https://fashion-iq.oss-cn-beijing.aliyuncs.com/B008A4N49C.jpg", "c5669_url": "https://fashion-iq.oss-cn-beijing.aliyuncs.com/B00CBERKDS.jpg", "activeImage": "https://fashion-iq.oss-cn-beijing.aliyuncs.com/B008A4N49C.jpg"}, "2": {"user_currentTime": "2023-05-31 09:10:37", "description": "\u662f\u95ea\u95ea\u53d1\u5149\u7684", "image_url": "https://fashion-iq.oss-cn-beijing.aliyuncs.com/B003TIULIG.jpg", "c5500_url": "https://fashion-iq.oss-cn-beijing.aliyuncs.com/B003YRCY28.jpg", "c5669_url": "https://fashion-iq.oss-cn-beijing.aliyuncs.com/B004H3OZNY.jpg", "activeImage": "https://fashion-iq.oss-cn-beijing.aliyuncs.com/B004H3OZNY.jpg"}, "3": {"user_currentTime": "2023-05-31 09:10:38", "description": "\u662f\u66f4\u7c89\u8272\u7684", "image_url": "https://fashion-iq.oss-cn-beijing.aliyuncs.com/B004EU7P9Q.jpg", "c5500_url": "https://fashion-iq.oss-cn-beijing.aliyuncs.com/B004AZAK24.jpg", "c5669_url": "https://fashion-iq.oss-cn-beijing.aliyuncs.com/B004AZAK24.jpg", "activeImage": "https://fashion-iq.oss-cn-beijing.aliyuncs.com/B004AZAK24.jpg"}}}
